model_version,property_type,n,median_APE,within_10pct,within_20pct,coverage80
pm-2026Q2-v3,cluster,479,0.1001,0.499,0.7599,0.6827
pm-2026Q2-v3,condo,4722,0.138,0.3795,0.6571,0.7764
pm-2026Q2-v3,detached,2112,0.1536,0.3381,0.5994,0.8168
pm-2026Q2-v3,flat,1258,0.1502,0.3442,0.6192,0.7695
pm-2026Q2-v3,low_cost_flat,1098,0.1608,0.3051,0.5974,0.7104
pm-2026Q2-v3,low_cost_house,2247,0.1385,0.3725,0.6489,0.8158
pm-2026Q2-v3,semi_detached,3689,0.0991,0.5037,0.7785,0.7623
pm-2026Q2-v3,terrace,16217,0.0951,0.5204,0.805,0.7648
pm-2026Q2-v3,townhouse,248,0.1466,0.3185,0.6532,0.6935
