model_version,feature,description,band,reference,n,effect_pct
pm-2026Q2-v3,dist_rail_km,Rail station (open at sale date),<1 km,5 km+,1014,1.9
pm-2026Q2-v3,dist_rail_km,Rail station (open at sale date),1-2 km,5 km+,1089,1.0
pm-2026Q2-v3,dist_rail_km,Rail station (open at sale date),2-5 km,5 km+,2437,1.3
pm-2026Q2-v3,dist_rail_km,Rail station (open at sale date),5 km+,5 km+,10460,0.0
pm-2026Q2-v3,dist_kl_km,Distance to KL centre,<10 km,50 km+,1152,20.8
pm-2026Q2-v3,dist_kl_km,Distance to KL centre,10-25 km,50 km+,1905,11.0
pm-2026Q2-v3,dist_kl_km,Distance to KL centre,25-50 km,50 km+,2140,4.2
pm-2026Q2-v3,dist_kl_km,Distance to KL centre,50 km+,50 km+,9803,0.0
pm-2026Q2-v3,dist_state_capital_km,Distance to state capital,<10 km,50 km+,4741,10.4
pm-2026Q2-v3,dist_state_capital_km,Distance to state capital,10-25 km,50 km+,5180,5.8
pm-2026Q2-v3,dist_state_capital_km,Distance to state capital,25-50 km,50 km+,2540,0.3
pm-2026Q2-v3,dist_state_capital_km,Distance to state capital,50 km+,50 km+,2539,0.0
pm-2026Q2-v3,dist_mway_exit_km,Motorway exit,<2 km,15 km+,6329,2.3
pm-2026Q2-v3,dist_mway_exit_km,Motorway exit,2-5 km,15 km+,4354,2.2
pm-2026Q2-v3,dist_mway_exit_km,Motorway exit,5-15 km,15 km+,2868,0.5
pm-2026Q2-v3,dist_mway_exit_km,Motorway exit,15 km+,15 km+,1449,0.0
pm-2026Q2-v3,n_shop_2km,Shops / malls within 2 km,0-2,0-2,3087,0.0
pm-2026Q2-v3,n_shop_2km,Shops / malls within 2 km,3-10,0-2,4499,1.6
pm-2026Q2-v3,n_shop_2km,Shops / malls within 2 km,11-30,0-2,4721,3.5
pm-2026Q2-v3,n_shop_2km,Shops / malls within 2 km,31+,0-2,2693,6.8
pm-2026Q2-v3,n_school_2km,Schools within 2 km,0-2,0-2,3444,0.0
pm-2026Q2-v3,n_school_2km,Schools within 2 km,3-6,0-2,5197,-0.6
pm-2026Q2-v3,n_school_2km,Schools within 2 km,7-12,0-2,3863,-0.8
pm-2026Q2-v3,n_school_2km,Schools within 2 km,13+,0-2,2496,-1.6
pm-2026Q2-v3,n_park_1km,Parks within 1 km,none,none,4898,0.0
pm-2026Q2-v3,n_park_1km,Parks within 1 km,1-2,none,4317,1.7
pm-2026Q2-v3,n_park_1km,Parks within 1 km,3+,none,5785,3.6
pm-2026Q2-v3,dist_hospital_km,Hospital,<2 km,10 km+,4816,4.5
pm-2026Q2-v3,dist_hospital_km,Hospital,2-5 km,10 km+,5825,4.2
pm-2026Q2-v3,dist_hospital_km,Hospital,5-10 km,10 km+,3197,2.9
pm-2026Q2-v3,dist_hospital_km,Hospital,10 km+,10 km+,1162,0.0
