model_version,state,state_code,property_type,years,target_quarter,growth_low,growth_mid,growth_high,prob_price_fall,annual_trend,annual_trend_p10,annual_trend_p90,sales_last4q,data_quality
pm-2026Q2-v3,Johor,JHR,cluster,1,2027Q2,0.0137,0.043,0.0718,0.0445,0.0436,0.0299,0.0555,151,fair
pm-2026Q2-v3,Johor,JHR,cluster,2,2028Q2,0.0399,0.0887,0.1352,0.0247,0.0436,0.0299,0.0555,151,fair
pm-2026Q2-v3,Johor,JHR,cluster,3,2029Q2,0.0666,0.1358,0.2024,0.0163,0.0436,0.0299,0.0555,151,fair
pm-2026Q2-v3,Kedah,KDH,cluster,1,2027Q2,0.0139,0.0436,0.0722,0.0432,0.0436,0.0299,0.0552,13,thin
pm-2026Q2-v3,Kedah,KDH,cluster,2,2028Q2,0.0392,0.0891,0.1364,0.0245,0.0436,0.0299,0.0552,13,thin
pm-2026Q2-v3,Kedah,KDH,cluster,3,2029Q2,0.0646,0.1363,0.2028,0.016,0.0436,0.0299,0.0552,13,thin
pm-2026Q2-v3,Kelantan,KTN,cluster,1,2027Q2,0.0135,0.0432,0.0715,0.0442,0.0437,0.03,0.0552,8,thin
pm-2026Q2-v3,Kelantan,KTN,cluster,2,2028Q2,0.039,0.0884,0.1348,0.0238,0.0437,0.03,0.0552,8,thin
pm-2026Q2-v3,Kelantan,KTN,cluster,3,2029Q2,0.0665,0.1359,0.2035,0.014,0.0437,0.03,0.0552,8,thin
pm-2026Q2-v3,W.P. Kuala Lumpur,KUL,cluster,1,2027Q2,0.0134,0.0435,0.0716,0.0432,0.0436,0.0299,0.0553,11,thin
pm-2026Q2-v3,W.P. Kuala Lumpur,KUL,cluster,2,2028Q2,0.0392,0.0886,0.1358,0.0222,0.0436,0.0299,0.0553,11,thin
pm-2026Q2-v3,W.P. Kuala Lumpur,KUL,cluster,3,2029Q2,0.0662,0.1358,0.2019,0.0152,0.0436,0.0299,0.0553,11,thin
pm-2026Q2-v3,Melaka,MLK,cluster,1,2027Q2,0.0137,0.0435,0.0713,0.0428,0.0438,0.0299,0.0552,59,fair
pm-2026Q2-v3,Melaka,MLK,cluster,2,2028Q2,0.0396,0.089,0.1345,0.0235,0.0438,0.0299,0.0552,59,fair
pm-2026Q2-v3,Melaka,MLK,cluster,3,2029Q2,0.0672,0.137,0.2019,0.0152,0.0438,0.0299,0.0552,59,fair
pm-2026Q2-v3,Negeri Sembilan,NSN,cluster,1,2027Q2,0.0142,0.0433,0.0718,0.0438,0.0437,0.03,0.0552,11,thin
pm-2026Q2-v3,Negeri Sembilan,NSN,cluster,2,2028Q2,0.0386,0.0888,0.1346,0.0243,0.0437,0.03,0.0552,11,thin
pm-2026Q2-v3,Negeri Sembilan,NSN,cluster,3,2029Q2,0.0644,0.1372,0.2019,0.016,0.0437,0.03,0.0552,11,thin
pm-2026Q2-v3,Pahang,PHG,cluster,1,2027Q2,0.0145,0.0435,0.0719,0.0453,0.0437,0.0298,0.0552,2,thin
pm-2026Q2-v3,Pahang,PHG,cluster,2,2028Q2,0.0392,0.0885,0.1351,0.024,0.0437,0.0298,0.0552,2,thin
pm-2026Q2-v3,Pahang,PHG,cluster,3,2029Q2,0.0656,0.136,0.2021,0.0167,0.0437,0.0298,0.0552,2,thin
pm-2026Q2-v3,W.P. Putrajaya,PJY,cluster,1,2027Q2,0.0141,0.0433,0.0719,0.0452,0.0436,0.0297,0.0554,0,thin
pm-2026Q2-v3,W.P. Putrajaya,PJY,cluster,2,2028Q2,0.0393,0.089,0.1362,0.0245,0.0436,0.0297,0.0554,0,thin
pm-2026Q2-v3,W.P. Putrajaya,PJY,cluster,3,2029Q2,0.0656,0.1364,0.2035,0.017,0.0436,0.0297,0.0554,0,thin
pm-2026Q2-v3,Perlis,PLS,cluster,1,2027Q2,0.0138,0.0442,0.0712,0.0442,0.0438,0.03,0.0552,0,thin
pm-2026Q2-v3,Perlis,PLS,cluster,2,2028Q2,0.0393,0.09,0.1352,0.0215,0.0438,0.03,0.0552,0,thin
pm-2026Q2-v3,Perlis,PLS,cluster,3,2029Q2,0.067,0.1364,0.2033,0.0147,0.0438,0.03,0.0552,0,thin
pm-2026Q2-v3,Pulau Pinang,PNG,cluster,1,2027Q2,0.0134,0.0434,0.0713,0.0467,0.0439,0.0299,0.0553,40,fair
pm-2026Q2-v3,Pulau Pinang,PNG,cluster,2,2028Q2,0.0402,0.089,0.1355,0.0245,0.0439,0.0299,0.0553,40,fair
pm-2026Q2-v3,Pulau Pinang,PNG,cluster,3,2029Q2,0.0648,0.136,0.2039,0.0168,0.0439,0.0299,0.0553,40,fair
pm-2026Q2-v3,Perak,PRK,cluster,1,2027Q2,0.0137,0.0434,0.0717,0.0455,0.0437,0.0298,0.0551,116,fair
pm-2026Q2-v3,Perak,PRK,cluster,2,2028Q2,0.0385,0.088,0.1357,0.0247,0.0437,0.0298,0.0551,116,fair
pm-2026Q2-v3,Perak,PRK,cluster,3,2029Q2,0.0648,0.1355,0.2041,0.0163,0.0437,0.0298,0.0551,116,fair
pm-2026Q2-v3,Sabah,SBH,cluster,1,2027Q2,0.0141,0.0435,0.0715,0.0427,0.0436,0.0299,0.0553,14,thin
pm-2026Q2-v3,Sabah,SBH,cluster,2,2028Q2,0.0393,0.0888,0.1354,0.0242,0.0436,0.0299,0.0553,14,thin
pm-2026Q2-v3,Sabah,SBH,cluster,3,2029Q2,0.0662,0.1367,0.2028,0.0152,0.0436,0.0299,0.0553,14,thin
pm-2026Q2-v3,Selangor,SGR,cluster,1,2027Q2,0.0138,0.0435,0.0716,0.0455,0.0436,0.0298,0.0552,52,fair
pm-2026Q2-v3,Selangor,SGR,cluster,2,2028Q2,0.039,0.0894,0.1356,0.0225,0.0436,0.0298,0.0552,52,fair
pm-2026Q2-v3,Selangor,SGR,cluster,3,2029Q2,0.066,0.1363,0.2016,0.016,0.0436,0.0298,0.0552,52,fair
pm-2026Q2-v3,Sarawak,SWK,cluster,1,2027Q2,0.0138,0.0437,0.0713,0.0448,0.0437,0.03,0.0553,1,thin
pm-2026Q2-v3,Sarawak,SWK,cluster,2,2028Q2,0.04,0.089,0.1347,0.0235,0.0437,0.03,0.0553,1,thin
pm-2026Q2-v3,Sarawak,SWK,cluster,3,2029Q2,0.0653,0.1362,0.2041,0.0165,0.0437,0.03,0.0553,1,thin
pm-2026Q2-v3,Terengganu,TRG,cluster,1,2027Q2,0.014,0.0432,0.0717,0.0445,0.0437,0.0299,0.0553,1,thin
pm-2026Q2-v3,Terengganu,TRG,cluster,2,2028Q2,0.0387,0.0888,0.1347,0.0243,0.0437,0.0299,0.0553,1,thin
pm-2026Q2-v3,Terengganu,TRG,cluster,3,2029Q2,0.0663,0.1351,0.203,0.0175,0.0437,0.0299,0.0553,1,thin
pm-2026Q2-v3,Johor,JHR,condo,1,2027Q2,-0.051,0.0151,0.0827,0.382,0.0157,-0.0081,0.0377,458,good
pm-2026Q2-v3,Johor,JHR,condo,2,2028Q2,-0.0664,0.0303,0.1382,0.3475,0.0157,-0.0081,0.0377,458,good
pm-2026Q2-v3,Johor,JHR,condo,3,2029Q2,-0.0799,0.0452,0.1885,0.3245,0.0157,-0.0081,0.0377,458,good
pm-2026Q2-v3,Kedah,KDH,condo,1,2027Q2,-0.0504,0.0151,0.0829,0.3862,0.0155,-0.0082,0.0375,42,fair
pm-2026Q2-v3,Kedah,KDH,condo,2,2028Q2,-0.0671,0.0303,0.1381,0.3508,0.0155,-0.0082,0.0375,42,fair
pm-2026Q2-v3,Kedah,KDH,condo,3,2029Q2,-0.0821,0.0434,0.1871,0.3297,0.0155,-0.0082,0.0375,42,fair
pm-2026Q2-v3,Kelantan,KTN,condo,1,2027Q2,-0.0501,0.0152,0.0829,0.3888,0.0154,-0.0082,0.0371,16,thin
pm-2026Q2-v3,Kelantan,KTN,condo,2,2028Q2,-0.0668,0.0301,0.1352,0.3547,0.0154,-0.0082,0.0371,16,thin
pm-2026Q2-v3,Kelantan,KTN,condo,3,2029Q2,-0.0816,0.0432,0.1888,0.331,0.0154,-0.0082,0.0371,16,thin
pm-2026Q2-v3,W.P. Kuala Lumpur,KUL,condo,1,2027Q2,-0.0506,0.0145,0.0818,0.3927,0.0152,-0.0086,0.037,1410,good
pm-2026Q2-v3,W.P. Kuala Lumpur,KUL,condo,2,2028Q2,-0.0673,0.0287,0.1358,0.361,0.0152,-0.0086,0.037,1410,good
pm-2026Q2-v3,W.P. Kuala Lumpur,KUL,condo,3,2029Q2,-0.0829,0.0432,0.1872,0.3317,0.0152,-0.0086,0.037,1410,good
pm-2026Q2-v3,W.P. Labuan,LBN,condo,1,2027Q2,-0.0499,0.0154,0.0833,0.3857,0.0154,-0.0084,0.0373,4,thin
pm-2026Q2-v3,W.P. Labuan,LBN,condo,2,2028Q2,-0.0669,0.0302,0.1359,0.349,0.0154,-0.0084,0.0373,4,thin
pm-2026Q2-v3,W.P. Labuan,LBN,condo,3,2029Q2,-0.0803,0.0447,0.1876,0.3243,0.0154,-0.0084,0.0373,4,thin
pm-2026Q2-v3,Melaka,MLK,condo,1,2027Q2,-0.0504,0.0156,0.0838,0.3862,0.0155,-0.0084,0.0376,104,fair
pm-2026Q2-v3,Melaka,MLK,condo,2,2028Q2,-0.0669,0.0291,0.1381,0.3482,0.0155,-0.0084,0.0376,104,fair
pm-2026Q2-v3,Melaka,MLK,condo,3,2029Q2,-0.0829,0.0458,0.1877,0.3308,0.0155,-0.0084,0.0376,104,fair
pm-2026Q2-v3,Negeri Sembilan,NSN,condo,1,2027Q2,-0.0507,0.0155,0.0828,0.3853,0.0153,-0.0084,0.0371,93,fair
pm-2026Q2-v3,Negeri Sembilan,NSN,condo,2,2028Q2,-0.0679,0.0294,0.1375,0.35,0.0153,-0.0084,0.0371,93,fair
pm-2026Q2-v3,Negeri Sembilan,NSN,condo,3,2029Q2,-0.0809,0.0432,0.1872,0.3293,0.0153,-0.0084,0.0371,93,fair
pm-2026Q2-v3,Pahang,PHG,condo,1,2027Q2,-0.0503,0.0149,0.0831,0.3832,0.0154,-0.0083,0.0374,81,fair
pm-2026Q2-v3,Pahang,PHG,condo,2,2028Q2,-0.0663,0.0299,0.1385,0.35,0.0154,-0.0083,0.0374,81,fair
pm-2026Q2-v3,Pahang,PHG,condo,3,2029Q2,-0.0824,0.044,0.1886,0.3287,0.0154,-0.0083,0.0374,81,fair
pm-2026Q2-v3,W.P. Putrajaya,PJY,condo,1,2027Q2,-0.0497,0.0157,0.0834,0.3878,0.0154,-0.0083,0.0373,16,thin
pm-2026Q2-v3,W.P. Putrajaya,PJY,condo,2,2028Q2,-0.0677,0.0303,0.1365,0.3488,0.0154,-0.0083,0.0373,16,thin
pm-2026Q2-v3,W.P. Putrajaya,PJY,condo,3,2029Q2,-0.0807,0.0446,0.1884,0.3292,0.0154,-0.0083,0.0373,16,thin
pm-2026Q2-v3,Perlis,PLS,condo,1,2027Q2,-0.0509,0.0154,0.0826,0.3868,0.0154,-0.0084,0.0375,0,thin
pm-2026Q2-v3,Perlis,PLS,condo,2,2028Q2,-0.0659,0.0289,0.1374,0.3542,0.0154,-0.0084,0.0375,0,thin
pm-2026Q2-v3,Perlis,PLS,condo,3,2029Q2,-0.0792,0.0452,0.1871,0.3358,0.0154,-0.0084,0.0375,0,thin
pm-2026Q2-v3,Pulau Pinang,PNG,condo,1,2027Q2,-0.0503,0.0145,0.0832,0.3902,0.0151,-0.0084,0.0371,587,good
pm-2026Q2-v3,Pulau Pinang,PNG,condo,2,2028Q2,-0.0674,0.0299,0.1368,0.3545,0.0151,-0.0084,0.0371,587,good
pm-2026Q2-v3,Pulau Pinang,PNG,condo,3,2029Q2,-0.0815,0.0431,0.1876,0.3312,0.0151,-0.0084,0.0371,587,good
pm-2026Q2-v3,Perak,PRK,condo,1,2027Q2,-0.0501,0.0152,0.0833,0.3855,0.0156,-0.0082,0.0377,131,fair
pm-2026Q2-v3,Perak,PRK,condo,2,2028Q2,-0.0661,0.0307,0.138,0.352,0.0156,-0.0082,0.0377,131,fair
pm-2026Q2-v3,Perak,PRK,condo,3,2029Q2,-0.0803,0.0447,0.1873,0.3218,0.0156,-0.0082,0.0377,131,fair
pm-2026Q2-v3,Sabah,SBH,condo,1,2027Q2,-0.0503,0.0159,0.084,0.3862,0.0156,-0.0083,0.0376,0,thin
pm-2026Q2-v3,Sabah,SBH,condo,2,2028Q2,-0.0693,0.0298,0.1383,0.3532,0.0156,-0.0083,0.0376,0,thin
pm-2026Q2-v3,Sabah,SBH,condo,3,2029Q2,-0.0814,0.0432,0.1899,0.3307,0.0156,-0.0083,0.0376,0,thin
pm-2026Q2-v3,Selangor,SGR,condo,1,2027Q2,-0.0491,0.0152,0.0825,0.3842,0.0156,-0.0082,0.0376,1613,good
pm-2026Q2-v3,Selangor,SGR,condo,2,2028Q2,-0.0675,0.0307,0.1377,0.3493,0.0156,-0.0082,0.0376,1613,good
pm-2026Q2-v3,Selangor,SGR,condo,3,2029Q2,-0.0793,0.0451,0.189,0.3252,0.0156,-0.0082,0.0376,1613,good
pm-2026Q2-v3,Sarawak,SWK,condo,1,2027Q2,-0.05,0.0146,0.0814,0.3867,0.0154,-0.0083,0.0373,146,fair
pm-2026Q2-v3,Sarawak,SWK,condo,2,2028Q2,-0.0662,0.0298,0.1378,0.3513,0.0154,-0.0083,0.0373,146,fair
pm-2026Q2-v3,Sarawak,SWK,condo,3,2029Q2,-0.0812,0.0437,0.1879,0.331,0.0154,-0.0083,0.0373,146,fair
pm-2026Q2-v3,Terengganu,TRG,condo,1,2027Q2,-0.0499,0.0154,0.0828,0.3828,0.0155,-0.0082,0.0373,21,thin
pm-2026Q2-v3,Terengganu,TRG,condo,2,2028Q2,-0.0677,0.0293,0.1374,0.3475,0.0155,-0.0082,0.0373,21,thin
pm-2026Q2-v3,Terengganu,TRG,condo,3,2029Q2,-0.0805,0.0437,0.1883,0.3288,0.0155,-0.0082,0.0373,21,thin
pm-2026Q2-v3,Johor,JHR,detached,1,2027Q2,-0.0144,0.0099,0.0405,0.2927,0.0104,-0.0011,0.0263,157,fair
pm-2026Q2-v3,Johor,JHR,detached,2,2028Q2,-0.0184,0.0201,0.0705,0.2492,0.0104,-0.0011,0.0263,157,fair
pm-2026Q2-v3,Johor,JHR,detached,3,2029Q2,-0.0234,0.0319,0.103,0.219,0.0104,-0.0011,0.0263,157,fair
pm-2026Q2-v3,Kedah,KDH,detached,1,2027Q2,-0.0142,0.0097,0.0391,0.2877,0.0104,-0.0013,0.0264,50,fair
pm-2026Q2-v3,Kedah,KDH,detached,2,2028Q2,-0.0181,0.0207,0.0709,0.2402,0.0104,-0.0013,0.0264,50,fair
pm-2026Q2-v3,Kedah,KDH,detached,3,2029Q2,-0.0233,0.032,0.1033,0.223,0.0104,-0.0013,0.0264,50,fair
pm-2026Q2-v3,Kelantan,KTN,detached,1,2027Q2,-0.0145,0.0102,0.0392,0.2897,0.0104,-0.0012,0.0264,604,good
pm-2026Q2-v3,Kelantan,KTN,detached,2,2028Q2,-0.0192,0.0207,0.0695,0.2353,0.0104,-0.0012,0.0264,604,good
pm-2026Q2-v3,Kelantan,KTN,detached,3,2029Q2,-0.0239,0.0324,0.1003,0.224,0.0104,-0.0012,0.0264,604,good
pm-2026Q2-v3,W.P. Kuala Lumpur,KUL,detached,1,2027Q2,-0.0139,0.0105,0.0391,0.2927,0.0103,-0.0013,0.0262,89,fair
pm-2026Q2-v3,W.P. Kuala Lumpur,KUL,detached,2,2028Q2,-0.0192,0.0212,0.071,0.245,0.0103,-0.0013,0.0262,89,fair
pm-2026Q2-v3,W.P. Kuala Lumpur,KUL,detached,3,2029Q2,-0.0245,0.0312,0.1023,0.2227,0.0103,-0.0013,0.0262,89,fair
pm-2026Q2-v3,W.P. Labuan,LBN,detached,1,2027Q2,-0.0145,0.01,0.0393,0.2965,0.0103,-0.0014,0.0264,4,thin
pm-2026Q2-v3,W.P. Labuan,LBN,detached,2,2028Q2,-0.0201,0.0208,0.0684,0.246,0.0103,-0.0014,0.0264,4,thin
pm-2026Q2-v3,W.P. Labuan,LBN,detached,3,2029Q2,-0.0243,0.0321,0.1018,0.2223,0.0103,-0.0014,0.0264,4,thin
pm-2026Q2-v3,Melaka,MLK,detached,1,2027Q2,-0.0149,0.0102,0.0392,0.2957,0.0102,-0.0014,0.0262,62,fair
pm-2026Q2-v3,Melaka,MLK,detached,2,2028Q2,-0.0192,0.0206,0.0699,0.2492,0.0102,-0.0014,0.0262,62,fair
pm-2026Q2-v3,Melaka,MLK,detached,3,2029Q2,-0.0248,0.0314,0.1013,0.2288,0.0102,-0.0014,0.0262,62,fair
pm-2026Q2-v3,Negeri Sembilan,NSN,detached,1,2027Q2,-0.0148,0.0095,0.0396,0.293,0.0103,-0.0012,0.0262,94,fair
pm-2026Q2-v3,Negeri Sembilan,NSN,detached,2,2028Q2,-0.019,0.0202,0.071,0.2433,0.0103,-0.0012,0.0262,94,fair
pm-2026Q2-v3,Negeri Sembilan,NSN,detached,3,2029Q2,-0.023,0.0315,0.1032,0.2258,0.0103,-0.0012,0.0262,94,fair
pm-2026Q2-v3,Pahang,PHG,detached,1,2027Q2,-0.015,0.01,0.0395,0.2892,0.0103,-0.0013,0.0263,48,fair
pm-2026Q2-v3,Pahang,PHG,detached,2,2028Q2,-0.02,0.021,0.0697,0.2483,0.0103,-0.0013,0.0263,48,fair
pm-2026Q2-v3,Pahang,PHG,detached,3,2029Q2,-0.024,0.032,0.1026,0.232,0.0103,-0.0013,0.0263,48,fair
pm-2026Q2-v3,W.P. Putrajaya,PJY,detached,1,2027Q2,-0.0144,0.0096,0.0395,0.296,0.0103,-0.0014,0.0263,2,thin
pm-2026Q2-v3,W.P. Putrajaya,PJY,detached,2,2028Q2,-0.0198,0.0207,0.0702,0.242,0.0103,-0.0014,0.0263,2,thin
pm-2026Q2-v3,W.P. Putrajaya,PJY,detached,3,2029Q2,-0.0241,0.0318,0.101,0.2212,0.0103,-0.0014,0.0263,2,thin
pm-2026Q2-v3,Perlis,PLS,detached,1,2027Q2,-0.0146,0.0099,0.0395,0.2982,0.0104,-0.0012,0.0264,5,thin
pm-2026Q2-v3,Perlis,PLS,detached,2,2028Q2,-0.02,0.0201,0.0696,0.2437,0.0104,-0.0012,0.0264,5,thin
pm-2026Q2-v3,Perlis,PLS,detached,3,2029Q2,-0.0247,0.0309,0.1018,0.2257,0.0104,-0.0012,0.0264,5,thin
pm-2026Q2-v3,Pulau Pinang,PNG,detached,1,2027Q2,-0.0146,0.0099,0.0396,0.2952,0.0104,-0.0014,0.0262,73,fair
pm-2026Q2-v3,Pulau Pinang,PNG,detached,2,2028Q2,-0.0183,0.0206,0.0706,0.244,0.0104,-0.0014,0.0262,73,fair
pm-2026Q2-v3,Pulau Pinang,PNG,detached,3,2029Q2,-0.023,0.0327,0.1028,0.225,0.0104,-0.0014,0.0262,73,fair
pm-2026Q2-v3,Perak,PRK,detached,1,2027Q2,-0.0138,0.0099,0.0399,0.289,0.0103,-0.0013,0.026,247,good
pm-2026Q2-v3,Perak,PRK,detached,2,2028Q2,-0.0185,0.0209,0.07,0.2425,0.0103,-0.0013,0.026,247,good
pm-2026Q2-v3,Perak,PRK,detached,3,2029Q2,-0.0232,0.0318,0.1016,0.2223,0.0103,-0.0013,0.026,247,good
pm-2026Q2-v3,Sabah,SBH,detached,1,2027Q2,-0.0146,0.0099,0.0391,0.2922,0.0104,-0.0012,0.0261,44,fair
pm-2026Q2-v3,Sabah,SBH,detached,2,2028Q2,-0.0188,0.0201,0.0703,0.2512,0.0104,-0.0012,0.0261,44,fair
pm-2026Q2-v3,Sabah,SBH,detached,3,2029Q2,-0.0227,0.0314,0.1016,0.2248,0.0104,-0.0012,0.0261,44,fair
pm-2026Q2-v3,Selangor,SGR,detached,1,2027Q2,-0.015,0.0102,0.0396,0.2907,0.0103,-0.0012,0.0263,312,good
pm-2026Q2-v3,Selangor,SGR,detached,2,2028Q2,-0.0199,0.021,0.0691,0.2468,0.0103,-0.0012,0.0263,312,good
pm-2026Q2-v3,Selangor,SGR,detached,3,2029Q2,-0.025,0.0315,0.1019,0.2312,0.0103,-0.0012,0.0263,312,good
pm-2026Q2-v3,Sarawak,SWK,detached,1,2027Q2,-0.0144,0.0099,0.0389,0.288,0.0102,-0.0013,0.0263,53,fair
pm-2026Q2-v3,Sarawak,SWK,detached,2,2028Q2,-0.0193,0.021,0.0697,0.2497,0.0102,-0.0013,0.0263,53,fair
pm-2026Q2-v3,Sarawak,SWK,detached,3,2029Q2,-0.0244,0.0317,0.1009,0.2263,0.0102,-0.0013,0.0263,53,fair
pm-2026Q2-v3,Terengganu,TRG,detached,1,2027Q2,-0.0146,0.0098,0.0389,0.3013,0.0103,-0.0015,0.0262,268,good
pm-2026Q2-v3,Terengganu,TRG,detached,2,2028Q2,-0.0191,0.0206,0.0705,0.2562,0.0103,-0.0015,0.0262,268,good
pm-2026Q2-v3,Terengganu,TRG,detached,3,2029Q2,-0.0242,0.031,0.1033,0.2303,0.0103,-0.0015,0.0262,268,good
pm-2026Q2-v3,Johor,JHR,flat,1,2027Q2,-0.0112,0.0242,0.0603,0.179,0.0238,0.0096,0.0389,69,fair
pm-2026Q2-v3,Johor,JHR,flat,2,2028Q2,-0.0066,0.0475,0.1073,0.1273,0.0238,0.0096,0.0389,69,fair
pm-2026Q2-v3,Johor,JHR,flat,3,2029Q2,-0.0032,0.0732,0.1556,0.1095,0.0238,0.0096,0.0389,69,fair
pm-2026Q2-v3,Kedah,KDH,flat,1,2027Q2,-0.0114,0.0241,0.0604,0.1815,0.0237,0.0096,0.039,4,thin
pm-2026Q2-v3,Kedah,KDH,flat,2,2028Q2,-0.0067,0.0481,0.1062,0.1267,0.0237,0.0096,0.039,4,thin
pm-2026Q2-v3,Kedah,KDH,flat,3,2029Q2,-0.0027,0.074,0.156,0.108,0.0237,0.0096,0.039,4,thin
pm-2026Q2-v3,Kelantan,KTN,flat,1,2027Q2,-0.0108,0.0238,0.0593,0.1802,0.0237,0.0096,0.0389,0,thin
pm-2026Q2-v3,Kelantan,KTN,flat,2,2028Q2,-0.0066,0.0485,0.1067,0.1232,0.0237,0.0096,0.0389,0,thin
pm-2026Q2-v3,Kelantan,KTN,flat,3,2029Q2,-0.0034,0.0734,0.1552,0.112,0.0237,0.0096,0.0389,0,thin
pm-2026Q2-v3,W.P. Kuala Lumpur,KUL,flat,1,2027Q2,-0.0111,0.024,0.0602,0.1853,0.0236,0.0094,0.0388,162,fair
pm-2026Q2-v3,W.P. Kuala Lumpur,KUL,flat,2,2028Q2,-0.0061,0.0481,0.1068,0.127,0.0236,0.0094,0.0388,162,fair
pm-2026Q2-v3,W.P. Kuala Lumpur,KUL,flat,3,2029Q2,-0.0031,0.0738,0.1555,0.112,0.0236,0.0094,0.0388,162,fair
pm-2026Q2-v3,W.P. Labuan,LBN,flat,1,2027Q2,-0.0101,0.0245,0.0601,0.184,0.0238,0.0096,0.0389,6,thin
pm-2026Q2-v3,W.P. Labuan,LBN,flat,2,2028Q2,-0.0069,0.0487,0.107,0.1263,0.0238,0.0096,0.0389,6,thin
pm-2026Q2-v3,W.P. Labuan,LBN,flat,3,2029Q2,-0.0023,0.0744,0.1568,0.1063,0.0238,0.0096,0.0389,6,thin
pm-2026Q2-v3,Melaka,MLK,flat,1,2027Q2,-0.0112,0.0241,0.0607,0.1815,0.0237,0.0095,0.0391,13,thin
pm-2026Q2-v3,Melaka,MLK,flat,2,2028Q2,-0.006,0.0489,0.1072,0.1225,0.0237,0.0095,0.0391,13,thin
pm-2026Q2-v3,Melaka,MLK,flat,3,2029Q2,-0.0014,0.0745,0.1554,0.1047,0.0237,0.0095,0.0391,13,thin
pm-2026Q2-v3,Negeri Sembilan,NSN,flat,1,2027Q2,-0.0105,0.0236,0.0604,0.1782,0.0237,0.0096,0.0387,15,thin
pm-2026Q2-v3,Negeri Sembilan,NSN,flat,2,2028Q2,-0.0071,0.0487,0.1068,0.1292,0.0237,0.0096,0.0387,15,thin
pm-2026Q2-v3,Negeri Sembilan,NSN,flat,3,2029Q2,-0.0033,0.0742,0.1549,0.1118,0.0237,0.0096,0.0387,15,thin
pm-2026Q2-v3,Pahang,PHG,flat,1,2027Q2,-0.0112,0.024,0.0611,0.1775,0.0237,0.0096,0.039,0,thin
pm-2026Q2-v3,Pahang,PHG,flat,2,2028Q2,-0.0051,0.0497,0.1065,0.1215,0.0237,0.0096,0.039,0,thin
pm-2026Q2-v3,Pahang,PHG,flat,3,2029Q2,-0.002,0.0747,0.157,0.1055,0.0237,0.0096,0.039,0,thin
pm-2026Q2-v3,W.P. Putrajaya,PJY,flat,1,2027Q2,-0.0107,0.0239,0.0606,0.1797,0.0237,0.0095,0.0391,0,thin
pm-2026Q2-v3,W.P. Putrajaya,PJY,flat,2,2028Q2,-0.0059,0.0486,0.1078,0.1227,0.0237,0.0095,0.0391,0,thin
pm-2026Q2-v3,W.P. Putrajaya,PJY,flat,3,2029Q2,-0.003,0.0746,0.1558,0.1095,0.0237,0.0095,0.0391,0,thin
pm-2026Q2-v3,Pulau Pinang,PNG,flat,1,2027Q2,-0.0108,0.0239,0.0597,0.1833,0.0239,0.0098,0.039,590,good
pm-2026Q2-v3,Pulau Pinang,PNG,flat,2,2028Q2,-0.0069,0.0484,0.1083,0.1275,0.0239,0.0098,0.039,590,good
pm-2026Q2-v3,Pulau Pinang,PNG,flat,3,2029Q2,-0.0031,0.0736,0.1565,0.1088,0.0239,0.0098,0.039,590,good
pm-2026Q2-v3,Perak,PRK,flat,1,2027Q2,-0.0109,0.0236,0.0601,0.1785,0.0237,0.0095,0.0388,10,thin
pm-2026Q2-v3,Perak,PRK,flat,2,2028Q2,-0.006,0.0481,0.1063,0.1237,0.0237,0.0095,0.0388,10,thin
pm-2026Q2-v3,Perak,PRK,flat,3,2029Q2,-0.0024,0.0736,0.1557,0.1082,0.0237,0.0095,0.0388,10,thin
pm-2026Q2-v3,Sabah,SBH,flat,1,2027Q2,-0.0107,0.0239,0.0611,0.1797,0.0236,0.0095,0.0389,0,thin
pm-2026Q2-v3,Sabah,SBH,flat,2,2028Q2,-0.0066,0.0492,0.1072,0.1233,0.0236,0.0095,0.0389,0,thin
pm-2026Q2-v3,Sabah,SBH,flat,3,2029Q2,-0.0027,0.0744,0.1555,0.1082,0.0236,0.0095,0.0389,0,thin
pm-2026Q2-v3,Selangor,SGR,flat,1,2027Q2,-0.0113,0.0239,0.0605,0.1803,0.0236,0.0094,0.0386,362,good
pm-2026Q2-v3,Selangor,SGR,flat,2,2028Q2,-0.0062,0.048,0.1063,0.1252,0.0236,0.0094,0.0386,362,good
pm-2026Q2-v3,Selangor,SGR,flat,3,2029Q2,-0.0022,0.0735,0.1547,0.1068,0.0236,0.0094,0.0386,362,good
pm-2026Q2-v3,Sarawak,SWK,flat,1,2027Q2,-0.01,0.0234,0.0608,0.1765,0.0237,0.0095,0.039,20,thin
pm-2026Q2-v3,Sarawak,SWK,flat,2,2028Q2,-0.0064,0.048,0.1077,0.1252,0.0237,0.0095,0.039,20,thin
pm-2026Q2-v3,Sarawak,SWK,flat,3,2029Q2,-0.003,0.0732,0.1557,0.107,0.0237,0.0095,0.039,20,thin
pm-2026Q2-v3,Terengganu,TRG,flat,1,2027Q2,-0.0101,0.0242,0.0596,0.1762,0.0237,0.0095,0.0389,7,thin
pm-2026Q2-v3,Terengganu,TRG,flat,2,2028Q2,-0.006,0.0489,0.1062,0.1238,0.0237,0.0095,0.0389,7,thin
pm-2026Q2-v3,Terengganu,TRG,flat,3,2029Q2,-0.0021,0.0741,0.1546,0.1063,0.0237,0.0095,0.0389,7,thin
pm-2026Q2-v3,Johor,JHR,low_cost_flat,1,2027Q2,0.0262,0.0494,0.0728,0.0078,0.0489,0.0392,0.061,125,fair
pm-2026Q2-v3,Johor,JHR,low_cost_flat,2,2028Q2,0.0627,0.1012,0.1412,0.0015,0.0489,0.0392,0.061,125,fair
pm-2026Q2-v3,Johor,JHR,low_cost_flat,3,2029Q2,0.1016,0.1557,0.216,0.0007,0.0489,0.0392,0.061,125,fair
pm-2026Q2-v3,Kedah,KDH,low_cost_flat,1,2027Q2,0.0264,0.0488,0.0721,0.0077,0.0485,0.0388,0.0608,16,thin
pm-2026Q2-v3,Kedah,KDH,low_cost_flat,2,2028Q2,0.0626,0.1004,0.1411,0.0015,0.0485,0.0388,0.0608,16,thin
pm-2026Q2-v3,Kedah,KDH,low_cost_flat,3,2029Q2,0.1012,0.1538,0.2147,0.001,0.0485,0.0388,0.0608,16,thin
pm-2026Q2-v3,Kelantan,KTN,low_cost_flat,1,2027Q2,0.0262,0.0489,0.072,0.0075,0.0486,0.039,0.0607,2,thin
pm-2026Q2-v3,Kelantan,KTN,low_cost_flat,2,2028Q2,0.0635,0.1,0.1411,0.0018,0.0486,0.039,0.0607,2,thin
pm-2026Q2-v3,Kelantan,KTN,low_cost_flat,3,2029Q2,0.1008,0.1539,0.2156,0.0007,0.0486,0.039,0.0607,2,thin
pm-2026Q2-v3,W.P. Kuala Lumpur,KUL,low_cost_flat,1,2027Q2,0.0262,0.0486,0.0717,0.0082,0.0484,0.0388,0.0605,162,fair
pm-2026Q2-v3,W.P. Kuala Lumpur,KUL,low_cost_flat,2,2028Q2,0.0614,0.0994,0.1399,0.0013,0.0484,0.0388,0.0605,162,fair
pm-2026Q2-v3,W.P. Kuala Lumpur,KUL,low_cost_flat,3,2029Q2,0.0995,0.1522,0.2138,0.0007,0.0484,0.0388,0.0605,162,fair
pm-2026Q2-v3,W.P. Labuan,LBN,low_cost_flat,1,2027Q2,0.026,0.0491,0.0727,0.0068,0.0486,0.039,0.0608,0,thin
pm-2026Q2-v3,W.P. Labuan,LBN,low_cost_flat,2,2028Q2,0.0623,0.1002,0.1408,0.0015,0.0486,0.039,0.0608,0,thin
pm-2026Q2-v3,W.P. Labuan,LBN,low_cost_flat,3,2029Q2,0.1001,0.1534,0.2147,0.0007,0.0486,0.039,0.0608,0,thin
pm-2026Q2-v3,Melaka,MLK,low_cost_flat,1,2027Q2,0.0267,0.0495,0.0725,0.0062,0.0486,0.0391,0.0608,19,thin
pm-2026Q2-v3,Melaka,MLK,low_cost_flat,2,2028Q2,0.0623,0.1003,0.1415,0.0018,0.0486,0.0391,0.0608,19,thin
pm-2026Q2-v3,Melaka,MLK,low_cost_flat,3,2029Q2,0.0997,0.1538,0.2148,0.0008,0.0486,0.0391,0.0608,19,thin
pm-2026Q2-v3,Negeri Sembilan,NSN,low_cost_flat,1,2027Q2,0.0269,0.0491,0.0724,0.006,0.0486,0.039,0.0608,47,fair
pm-2026Q2-v3,Negeri Sembilan,NSN,low_cost_flat,2,2028Q2,0.0623,0.1002,0.1412,0.0022,0.0486,0.039,0.0608,47,fair
pm-2026Q2-v3,Negeri Sembilan,NSN,low_cost_flat,3,2029Q2,0.1007,0.1535,0.2145,0.0007,0.0486,0.039,0.0608,47,fair
pm-2026Q2-v3,Pahang,PHG,low_cost_flat,1,2027Q2,0.0265,0.0494,0.0719,0.0062,0.0486,0.0391,0.0608,8,thin
pm-2026Q2-v3,Pahang,PHG,low_cost_flat,2,2028Q2,0.0621,0.1004,0.1408,0.0012,0.0486,0.0391,0.0608,8,thin
pm-2026Q2-v3,Pahang,PHG,low_cost_flat,3,2029Q2,0.1006,0.1541,0.2149,0.0008,0.0486,0.0391,0.0608,8,thin
pm-2026Q2-v3,W.P. Putrajaya,PJY,low_cost_flat,1,2027Q2,0.0263,0.049,0.0718,0.0077,0.0486,0.0389,0.0608,7,thin
pm-2026Q2-v3,W.P. Putrajaya,PJY,low_cost_flat,2,2028Q2,0.0624,0.1001,0.1411,0.001,0.0486,0.0389,0.0608,7,thin
pm-2026Q2-v3,W.P. Putrajaya,PJY,low_cost_flat,3,2029Q2,0.1008,0.1532,0.2156,0.0007,0.0486,0.0389,0.0608,7,thin
pm-2026Q2-v3,Pulau Pinang,PNG,low_cost_flat,1,2027Q2,0.0269,0.0491,0.0724,0.0068,0.0487,0.039,0.061,515,good
pm-2026Q2-v3,Pulau Pinang,PNG,low_cost_flat,2,2028Q2,0.063,0.1006,0.1413,0.0023,0.0487,0.039,0.061,515,good
pm-2026Q2-v3,Pulau Pinang,PNG,low_cost_flat,3,2029Q2,0.1008,0.1539,0.2159,0.001,0.0487,0.039,0.061,515,good
pm-2026Q2-v3,Perak,PRK,low_cost_flat,1,2027Q2,0.0266,0.0491,0.0721,0.0072,0.0485,0.0389,0.0607,16,thin
pm-2026Q2-v3,Perak,PRK,low_cost_flat,2,2028Q2,0.0623,0.1004,0.1409,0.0025,0.0485,0.0389,0.0607,16,thin
pm-2026Q2-v3,Perak,PRK,low_cost_flat,3,2029Q2,0.0997,0.1542,0.2144,0.0013,0.0485,0.0389,0.0607,16,thin
pm-2026Q2-v3,Sabah,SBH,low_cost_flat,1,2027Q2,0.0266,0.0492,0.0719,0.0078,0.0486,0.039,0.0608,0,thin
pm-2026Q2-v3,Sabah,SBH,low_cost_flat,2,2028Q2,0.0634,0.1005,0.1415,0.0015,0.0486,0.039,0.0608,0,thin
pm-2026Q2-v3,Sabah,SBH,low_cost_flat,3,2029Q2,0.101,0.1536,0.2164,0.0012,0.0486,0.039,0.0608,0,thin
pm-2026Q2-v3,Selangor,SGR,low_cost_flat,1,2027Q2,0.0263,0.0489,0.0721,0.0065,0.0485,0.0389,0.0606,141,fair
pm-2026Q2-v3,Selangor,SGR,low_cost_flat,2,2028Q2,0.0625,0.0999,0.1409,0.0033,0.0485,0.0389,0.0606,141,fair
pm-2026Q2-v3,Selangor,SGR,low_cost_flat,3,2029Q2,0.1006,0.154,0.215,0.001,0.0485,0.0389,0.0606,141,fair
pm-2026Q2-v3,Sarawak,SWK,low_cost_flat,1,2027Q2,0.0266,0.0488,0.0719,0.0077,0.0486,0.0391,0.0608,25,thin
pm-2026Q2-v3,Sarawak,SWK,low_cost_flat,2,2028Q2,0.0623,0.0999,0.1397,0.0017,0.0486,0.0391,0.0608,25,thin
pm-2026Q2-v3,Sarawak,SWK,low_cost_flat,3,2029Q2,0.1003,0.1537,0.214,0.0005,0.0486,0.0391,0.0608,25,thin
pm-2026Q2-v3,Terengganu,TRG,low_cost_flat,1,2027Q2,0.0264,0.0491,0.0722,0.0067,0.0485,0.039,0.0608,15,thin
pm-2026Q2-v3,Terengganu,TRG,low_cost_flat,2,2028Q2,0.0623,0.1005,0.1408,0.0013,0.0485,0.039,0.0608,15,thin
pm-2026Q2-v3,Terengganu,TRG,low_cost_flat,3,2029Q2,0.0998,0.153,0.2143,0.0007,0.0485,0.039,0.0608,15,thin
pm-2026Q2-v3,Johor,JHR,low_cost_house,1,2027Q2,-0.0052,0.0527,0.1108,0.121,0.0525,0.0311,0.0751,321,good
pm-2026Q2-v3,Johor,JHR,low_cost_house,2,2028Q2,0.0185,0.1104,0.2064,0.065,0.0525,0.0311,0.0751,321,good
pm-2026Q2-v3,Johor,JHR,low_cost_house,3,2029Q2,0.0421,0.1676,0.3009,0.0483,0.0525,0.0311,0.0751,321,good
pm-2026Q2-v3,Kedah,KDH,low_cost_house,1,2027Q2,-0.0044,0.0534,0.1112,0.1168,0.0527,0.0315,0.0751,647,good
pm-2026Q2-v3,Kedah,KDH,low_cost_house,2,2028Q2,0.0183,0.1105,0.2057,0.0628,0.0527,0.0315,0.0751,647,good
pm-2026Q2-v3,Kedah,KDH,low_cost_house,3,2029Q2,0.0418,0.1691,0.3023,0.0482,0.0527,0.0315,0.0751,647,good
pm-2026Q2-v3,Kelantan,KTN,low_cost_house,1,2027Q2,-0.0053,0.0525,0.1114,0.1185,0.0524,0.0312,0.0749,49,fair
pm-2026Q2-v3,Kelantan,KTN,low_cost_house,2,2028Q2,0.0169,0.11,0.2047,0.0642,0.0524,0.0312,0.0749,49,fair
pm-2026Q2-v3,Kelantan,KTN,low_cost_house,3,2029Q2,0.0414,0.1676,0.2988,0.0497,0.0524,0.0312,0.0749,49,fair
pm-2026Q2-v3,W.P. Kuala Lumpur,KUL,low_cost_house,1,2027Q2,-0.0042,0.053,0.1108,0.1152,0.0524,0.0311,0.0749,11,thin
pm-2026Q2-v3,W.P. Kuala Lumpur,KUL,low_cost_house,2,2028Q2,0.0176,0.1101,0.2033,0.0643,0.0524,0.0311,0.0749,11,thin
pm-2026Q2-v3,W.P. Kuala Lumpur,KUL,low_cost_house,3,2029Q2,0.0409,0.1668,0.3003,0.05,0.0524,0.0311,0.0749,11,thin
pm-2026Q2-v3,W.P. Labuan,LBN,low_cost_house,1,2027Q2,-0.0046,0.0528,0.111,0.1188,0.0525,0.031,0.0749,0,thin
pm-2026Q2-v3,W.P. Labuan,LBN,low_cost_house,2,2028Q2,0.0175,0.1104,0.2045,0.0627,0.0525,0.031,0.0749,0,thin
pm-2026Q2-v3,W.P. Labuan,LBN,low_cost_house,3,2029Q2,0.0405,0.1684,0.3005,0.0473,0.0525,0.031,0.0749,0,thin
pm-2026Q2-v3,Melaka,MLK,low_cost_house,1,2027Q2,-0.0052,0.0531,0.1109,0.1187,0.0525,0.0313,0.0749,126,fair
pm-2026Q2-v3,Melaka,MLK,low_cost_house,2,2028Q2,0.0162,0.1109,0.2042,0.067,0.0525,0.0313,0.0749,126,fair
pm-2026Q2-v3,Melaka,MLK,low_cost_house,3,2029Q2,0.0409,0.1687,0.3004,0.0498,0.0525,0.0313,0.0749,126,fair
pm-2026Q2-v3,Negeri Sembilan,NSN,low_cost_house,1,2027Q2,-0.0047,0.0532,0.111,0.1182,0.0525,0.0308,0.0746,215,good
pm-2026Q2-v3,Negeri Sembilan,NSN,low_cost_house,2,2028Q2,0.0159,0.1102,0.2051,0.0662,0.0525,0.0308,0.0746,215,good
pm-2026Q2-v3,Negeri Sembilan,NSN,low_cost_house,3,2029Q2,0.0389,0.1673,0.3009,0.047,0.0525,0.0308,0.0746,215,good
pm-2026Q2-v3,Pahang,PHG,low_cost_house,1,2027Q2,-0.0042,0.0527,0.1094,0.12,0.0524,0.031,0.0746,138,fair
pm-2026Q2-v3,Pahang,PHG,low_cost_house,2,2028Q2,0.0161,0.1102,0.2028,0.0675,0.0524,0.031,0.0746,138,fair
pm-2026Q2-v3,Pahang,PHG,low_cost_house,3,2029Q2,0.0397,0.1667,0.3016,0.0465,0.0524,0.031,0.0746,138,fair
pm-2026Q2-v3,Perlis,PLS,low_cost_house,1,2027Q2,-0.0046,0.0524,0.1113,0.1195,0.0524,0.031,0.0748,38,thin
pm-2026Q2-v3,Perlis,PLS,low_cost_house,2,2028Q2,0.0169,0.1107,0.205,0.0698,0.0524,0.031,0.0748,38,thin
pm-2026Q2-v3,Perlis,PLS,low_cost_house,3,2029Q2,0.0393,0.1668,0.2998,0.0495,0.0524,0.031,0.0748,38,thin
pm-2026Q2-v3,Pulau Pinang,PNG,low_cost_house,1,2027Q2,-0.0043,0.053,0.1104,0.1158,0.0527,0.0311,0.0749,87,fair
pm-2026Q2-v3,Pulau Pinang,PNG,low_cost_house,2,2028Q2,0.018,0.1096,0.2046,0.0673,0.0527,0.0311,0.0749,87,fair
pm-2026Q2-v3,Pulau Pinang,PNG,low_cost_house,3,2029Q2,0.0395,0.168,0.3019,0.0467,0.0527,0.0311,0.0749,87,fair
pm-2026Q2-v3,Perak,PRK,low_cost_house,1,2027Q2,-0.0052,0.0531,0.1114,0.1233,0.0523,0.0309,0.0749,185,fair
pm-2026Q2-v3,Perak,PRK,low_cost_house,2,2028Q2,0.0176,0.1102,0.2051,0.0677,0.0523,0.0309,0.0749,185,fair
pm-2026Q2-v3,Perak,PRK,low_cost_house,3,2029Q2,0.04,0.1675,0.2999,0.0485,0.0523,0.0309,0.0749,185,fair
pm-2026Q2-v3,Sabah,SBH,low_cost_house,1,2027Q2,-0.0043,0.0529,0.1119,0.119,0.0526,0.031,0.0748,50,fair
pm-2026Q2-v3,Sabah,SBH,low_cost_house,2,2028Q2,0.0175,0.1114,0.2045,0.0645,0.0526,0.031,0.0748,50,fair
pm-2026Q2-v3,Sabah,SBH,low_cost_house,3,2029Q2,0.0408,0.1683,0.2981,0.0463,0.0526,0.031,0.0748,50,fair
pm-2026Q2-v3,Selangor,SGR,low_cost_house,1,2027Q2,-0.0048,0.0528,0.1106,0.1188,0.0524,0.0309,0.0747,145,fair
pm-2026Q2-v3,Selangor,SGR,low_cost_house,2,2028Q2,0.0166,0.1108,0.2041,0.0648,0.0524,0.0309,0.0747,145,fair
pm-2026Q2-v3,Selangor,SGR,low_cost_house,3,2029Q2,0.041,0.1662,0.3021,0.0517,0.0524,0.0309,0.0747,145,fair
pm-2026Q2-v3,Sarawak,SWK,low_cost_house,1,2027Q2,-0.0043,0.0534,0.1114,0.1178,0.0524,0.031,0.0751,111,fair
pm-2026Q2-v3,Sarawak,SWK,low_cost_house,2,2028Q2,0.0171,0.1112,0.2054,0.0685,0.0524,0.031,0.0751,111,fair
pm-2026Q2-v3,Sarawak,SWK,low_cost_house,3,2029Q2,0.041,0.1688,0.3001,0.0467,0.0524,0.031,0.0751,111,fair
pm-2026Q2-v3,Terengganu,TRG,low_cost_house,1,2027Q2,-0.0051,0.0534,0.1113,0.1187,0.0526,0.0312,0.0749,124,fair
pm-2026Q2-v3,Terengganu,TRG,low_cost_house,2,2028Q2,0.017,0.1107,0.2044,0.0633,0.0526,0.0312,0.0749,124,fair
pm-2026Q2-v3,Terengganu,TRG,low_cost_house,3,2029Q2,0.0407,0.1685,0.3015,0.047,0.0526,0.0312,0.0749,124,fair
pm-2026Q2-v3,Johor,JHR,semi_detached,1,2027Q2,0.0034,0.0282,0.0545,0.0748,0.0289,0.0175,0.0395,439,good
pm-2026Q2-v3,Johor,JHR,semi_detached,2,2028Q2,0.0164,0.0572,0.1011,0.0417,0.0289,0.0175,0.0395,439,good
pm-2026Q2-v3,Johor,JHR,semi_detached,3,2029Q2,0.0292,0.0878,0.1494,0.033,0.0289,0.0175,0.0395,439,good
pm-2026Q2-v3,Kedah,KDH,semi_detached,1,2027Q2,0.0041,0.0281,0.0541,0.0715,0.0288,0.0175,0.0395,444,good
pm-2026Q2-v3,Kedah,KDH,semi_detached,2,2028Q2,0.0164,0.0582,0.1012,0.0413,0.0288,0.0175,0.0395,444,good
pm-2026Q2-v3,Kedah,KDH,semi_detached,3,2029Q2,0.029,0.0892,0.1499,0.0303,0.0288,0.0175,0.0395,444,good
pm-2026Q2-v3,Kelantan,KTN,semi_detached,1,2027Q2,0.0043,0.0282,0.0544,0.0672,0.0289,0.0176,0.0395,177,fair
pm-2026Q2-v3,Kelantan,KTN,semi_detached,2,2028Q2,0.017,0.0574,0.1014,0.0393,0.0289,0.0176,0.0395,177,fair
pm-2026Q2-v3,Kelantan,KTN,semi_detached,3,2029Q2,0.0301,0.0887,0.1501,0.0313,0.0289,0.0176,0.0395,177,fair
pm-2026Q2-v3,W.P. Kuala Lumpur,KUL,semi_detached,1,2027Q2,0.0041,0.028,0.0544,0.0735,0.0288,0.0175,0.0395,50,fair
pm-2026Q2-v3,W.P. Kuala Lumpur,KUL,semi_detached,2,2028Q2,0.0162,0.0575,0.1027,0.0407,0.0288,0.0175,0.0395,50,fair
pm-2026Q2-v3,W.P. Kuala Lumpur,KUL,semi_detached,3,2029Q2,0.0297,0.0889,0.1516,0.0305,0.0288,0.0175,0.0395,50,fair
pm-2026Q2-v3,W.P. Labuan,LBN,semi_detached,1,2027Q2,0.0035,0.0281,0.0544,0.0727,0.0288,0.0174,0.0395,7,thin
pm-2026Q2-v3,W.P. Labuan,LBN,semi_detached,2,2028Q2,0.0162,0.058,0.1008,0.042,0.0288,0.0174,0.0395,7,thin
pm-2026Q2-v3,W.P. Labuan,LBN,semi_detached,3,2029Q2,0.0289,0.0894,0.1501,0.031,0.0288,0.0174,0.0395,7,thin
pm-2026Q2-v3,Melaka,MLK,semi_detached,1,2027Q2,0.0039,0.0286,0.0542,0.0695,0.029,0.0176,0.0397,151,fair
pm-2026Q2-v3,Melaka,MLK,semi_detached,2,2028Q2,0.0168,0.0576,0.1016,0.0408,0.029,0.0176,0.0397,151,fair
pm-2026Q2-v3,Melaka,MLK,semi_detached,3,2029Q2,0.0297,0.0889,0.1526,0.0308,0.029,0.0176,0.0397,151,fair
pm-2026Q2-v3,Negeri Sembilan,NSN,semi_detached,1,2027Q2,0.0037,0.0284,0.0544,0.0715,0.0289,0.0174,0.0396,87,fair
pm-2026Q2-v3,Negeri Sembilan,NSN,semi_detached,2,2028Q2,0.0163,0.0577,0.0998,0.0388,0.0289,0.0174,0.0396,87,fair
pm-2026Q2-v3,Negeri Sembilan,NSN,semi_detached,3,2029Q2,0.0294,0.0886,0.1488,0.0293,0.0289,0.0174,0.0396,87,fair
pm-2026Q2-v3,Pahang,PHG,semi_detached,1,2027Q2,0.0038,0.0281,0.0544,0.072,0.029,0.0178,0.0397,349,good
pm-2026Q2-v3,Pahang,PHG,semi_detached,2,2028Q2,0.0162,0.0582,0.1015,0.0393,0.029,0.0178,0.0397,349,good
pm-2026Q2-v3,Pahang,PHG,semi_detached,3,2029Q2,0.0295,0.0895,0.1509,0.0305,0.029,0.0178,0.0397,349,good
pm-2026Q2-v3,W.P. Putrajaya,PJY,semi_detached,1,2027Q2,0.0036,0.0281,0.0543,0.0707,0.0289,0.0174,0.0396,8,thin
pm-2026Q2-v3,W.P. Putrajaya,PJY,semi_detached,2,2028Q2,0.0158,0.058,0.1016,0.0422,0.0289,0.0174,0.0396,8,thin
pm-2026Q2-v3,W.P. Putrajaya,PJY,semi_detached,3,2029Q2,0.029,0.0883,0.1515,0.0288,0.0289,0.0174,0.0396,8,thin
pm-2026Q2-v3,Perlis,PLS,semi_detached,1,2027Q2,0.0037,0.0285,0.0541,0.0732,0.0289,0.0176,0.0396,38,thin
pm-2026Q2-v3,Perlis,PLS,semi_detached,2,2028Q2,0.0155,0.0579,0.1014,0.0435,0.0289,0.0176,0.0396,38,thin
pm-2026Q2-v3,Perlis,PLS,semi_detached,3,2029Q2,0.0287,0.0888,0.1496,0.0325,0.0289,0.0176,0.0396,38,thin
pm-2026Q2-v3,Pulau Pinang,PNG,semi_detached,1,2027Q2,0.0035,0.0282,0.0543,0.073,0.0288,0.0176,0.0395,198,fair
pm-2026Q2-v3,Pulau Pinang,PNG,semi_detached,2,2028Q2,0.0167,0.0569,0.1011,0.0402,0.0288,0.0176,0.0395,198,fair
pm-2026Q2-v3,Pulau Pinang,PNG,semi_detached,3,2029Q2,0.0303,0.0882,0.149,0.0318,0.0288,0.0176,0.0395,198,fair
pm-2026Q2-v3,Perak,PRK,semi_detached,1,2027Q2,0.0039,0.0278,0.0545,0.07,0.0289,0.0175,0.0397,370,good
pm-2026Q2-v3,Perak,PRK,semi_detached,2,2028Q2,0.017,0.0583,0.1019,0.0383,0.0289,0.0175,0.0397,370,good
pm-2026Q2-v3,Perak,PRK,semi_detached,3,2029Q2,0.0299,0.0888,0.1498,0.0298,0.0289,0.0175,0.0397,370,good
pm-2026Q2-v3,Sabah,SBH,semi_detached,1,2027Q2,0.003,0.0282,0.0537,0.0743,0.0287,0.0174,0.0394,90,fair
pm-2026Q2-v3,Sabah,SBH,semi_detached,2,2028Q2,0.0162,0.0573,0.1008,0.0377,0.0287,0.0174,0.0394,90,fair
pm-2026Q2-v3,Sabah,SBH,semi_detached,3,2029Q2,0.0289,0.0876,0.1489,0.0307,0.0287,0.0174,0.0394,90,fair
pm-2026Q2-v3,Selangor,SGR,semi_detached,1,2027Q2,0.0031,0.0278,0.0541,0.075,0.0286,0.0173,0.0393,426,good
pm-2026Q2-v3,Selangor,SGR,semi_detached,2,2028Q2,0.0159,0.057,0.1004,0.042,0.0286,0.0173,0.0393,426,good
pm-2026Q2-v3,Selangor,SGR,semi_detached,3,2029Q2,0.0277,0.088,0.1496,0.0345,0.0286,0.0173,0.0393,426,good
pm-2026Q2-v3,Sarawak,SWK,semi_detached,1,2027Q2,0.0035,0.0282,0.0545,0.0732,0.0288,0.0175,0.0396,163,fair
pm-2026Q2-v3,Sarawak,SWK,semi_detached,2,2028Q2,0.0172,0.0576,0.1006,0.0362,0.0288,0.0175,0.0396,163,fair
pm-2026Q2-v3,Sarawak,SWK,semi_detached,3,2029Q2,0.0308,0.0888,0.149,0.0293,0.0288,0.0175,0.0396,163,fair
pm-2026Q2-v3,Terengganu,TRG,semi_detached,1,2027Q2,0.004,0.0281,0.0545,0.0668,0.0288,0.0175,0.0395,692,good
pm-2026Q2-v3,Terengganu,TRG,semi_detached,2,2028Q2,0.0165,0.0579,0.1009,0.0357,0.0288,0.0175,0.0395,692,good
pm-2026Q2-v3,Terengganu,TRG,semi_detached,3,2029Q2,0.0291,0.089,0.1511,0.03,0.0288,0.0175,0.0395,692,good
pm-2026Q2-v3,Johor,JHR,terrace,1,2027Q2,0.0005,0.0295,0.0593,0.0963,0.0292,0.0178,0.0416,2871,good
pm-2026Q2-v3,Johor,JHR,terrace,2,2028Q2,0.0124,0.059,0.1091,0.055,0.0292,0.0178,0.0416,2871,good
pm-2026Q2-v3,Johor,JHR,terrace,3,2029Q2,0.0265,0.09,0.1582,0.038,0.0292,0.0178,0.0416,2871,good
pm-2026Q2-v3,Kedah,KDH,terrace,1,2027Q2,0.0007,0.0294,0.0588,0.0952,0.0292,0.0176,0.0414,982,good
pm-2026Q2-v3,Kedah,KDH,terrace,2,2028Q2,0.011,0.0595,0.1089,0.056,0.0292,0.0176,0.0414,982,good
pm-2026Q2-v3,Kedah,KDH,terrace,3,2029Q2,0.0261,0.0894,0.1582,0.0395,0.0292,0.0176,0.0414,982,good
pm-2026Q2-v3,Kelantan,KTN,terrace,1,2027Q2,-0.0004,0.0281,0.0595,0.1032,0.0289,0.0173,0.0411,340,good
pm-2026Q2-v3,Kelantan,KTN,terrace,2,2028Q2,0.0118,0.0585,0.1085,0.0582,0.0289,0.0173,0.0411,340,good
pm-2026Q2-v3,Kelantan,KTN,terrace,3,2029Q2,0.0242,0.0887,0.1564,0.0405,0.0289,0.0173,0.0411,340,good
pm-2026Q2-v3,W.P. Kuala Lumpur,KUL,terrace,1,2027Q2,-0.0007,0.0286,0.0581,0.1052,0.0286,0.0171,0.0408,428,good
pm-2026Q2-v3,W.P. Kuala Lumpur,KUL,terrace,2,2028Q2,0.0109,0.058,0.1068,0.059,0.0286,0.0171,0.0408,428,good
pm-2026Q2-v3,W.P. Kuala Lumpur,KUL,terrace,3,2029Q2,0.0242,0.0879,0.1564,0.0408,0.0286,0.0171,0.0408,428,good
pm-2026Q2-v3,W.P. Labuan,LBN,terrace,1,2027Q2,0.0,0.0288,0.0587,0.0998,0.0288,0.0173,0.0412,23,thin
pm-2026Q2-v3,W.P. Labuan,LBN,terrace,2,2028Q2,0.0126,0.0588,0.108,0.0562,0.0288,0.0173,0.0412,23,thin
pm-2026Q2-v3,W.P. Labuan,LBN,terrace,3,2029Q2,0.0261,0.0894,0.157,0.039,0.0288,0.0173,0.0412,23,thin
pm-2026Q2-v3,Melaka,MLK,terrace,1,2027Q2,0.0003,0.029,0.0591,0.0982,0.029,0.0174,0.0413,1025,good
pm-2026Q2-v3,Melaka,MLK,terrace,2,2028Q2,0.0114,0.0594,0.1084,0.0558,0.029,0.0174,0.0413,1025,good
pm-2026Q2-v3,Melaka,MLK,terrace,3,2029Q2,0.0256,0.0885,0.1583,0.0388,0.029,0.0174,0.0413,1025,good
pm-2026Q2-v3,Negeri Sembilan,NSN,terrace,1,2027Q2,-0.0009,0.0283,0.0585,0.1062,0.0283,0.0168,0.0407,1248,good
pm-2026Q2-v3,Negeri Sembilan,NSN,terrace,2,2028Q2,0.0114,0.0577,0.1064,0.06,0.0283,0.0168,0.0407,1248,good
pm-2026Q2-v3,Negeri Sembilan,NSN,terrace,3,2029Q2,0.024,0.0873,0.1553,0.0422,0.0283,0.0168,0.0407,1248,good
pm-2026Q2-v3,Pahang,PHG,terrace,1,2027Q2,0.0001,0.029,0.0587,0.0993,0.0286,0.0173,0.0409,1008,good
pm-2026Q2-v3,Pahang,PHG,terrace,2,2028Q2,0.0118,0.0579,0.1074,0.0555,0.0286,0.0173,0.0409,1008,good
pm-2026Q2-v3,Pahang,PHG,terrace,3,2029Q2,0.0246,0.0887,0.1568,0.0402,0.0286,0.0173,0.0409,1008,good
pm-2026Q2-v3,W.P. Putrajaya,PJY,terrace,1,2027Q2,-0.0005,0.0288,0.0592,0.1045,0.0287,0.0173,0.041,14,thin
pm-2026Q2-v3,W.P. Putrajaya,PJY,terrace,2,2028Q2,0.0117,0.0584,0.1088,0.0573,0.0287,0.0173,0.041,14,thin
pm-2026Q2-v3,W.P. Putrajaya,PJY,terrace,3,2029Q2,0.0268,0.0891,0.1572,0.037,0.0287,0.0173,0.041,14,thin
pm-2026Q2-v3,Perlis,PLS,terrace,1,2027Q2,0.0002,0.029,0.059,0.0987,0.0289,0.0175,0.0412,62,fair
pm-2026Q2-v3,Perlis,PLS,terrace,2,2028Q2,0.012,0.0588,0.108,0.0575,0.0289,0.0175,0.0412,62,fair
pm-2026Q2-v3,Perlis,PLS,terrace,3,2029Q2,0.0256,0.0895,0.1572,0.0385,0.0289,0.0175,0.0412,62,fair
pm-2026Q2-v3,Pulau Pinang,PNG,terrace,1,2027Q2,0.0,0.0295,0.059,0.0997,0.0289,0.0174,0.0413,711,good
pm-2026Q2-v3,Pulau Pinang,PNG,terrace,2,2028Q2,0.0128,0.0598,0.1078,0.0525,0.0289,0.0174,0.0413,711,good
pm-2026Q2-v3,Pulau Pinang,PNG,terrace,3,2029Q2,0.0256,0.0898,0.1559,0.0412,0.0289,0.0174,0.0413,711,good
pm-2026Q2-v3,Perak,PRK,terrace,1,2027Q2,0.0002,0.0289,0.0589,0.0988,0.029,0.0174,0.0411,2139,good
pm-2026Q2-v3,Perak,PRK,terrace,2,2028Q2,0.0126,0.0586,0.1078,0.0537,0.029,0.0174,0.0411,2139,good
pm-2026Q2-v3,Perak,PRK,terrace,3,2029Q2,0.0267,0.0901,0.1575,0.036,0.029,0.0174,0.0411,2139,good
pm-2026Q2-v3,Sabah,SBH,terrace,1,2027Q2,-0.0004,0.0287,0.0593,0.1027,0.0288,0.0175,0.0411,510,good
pm-2026Q2-v3,Sabah,SBH,terrace,2,2028Q2,0.0113,0.0585,0.1079,0.0597,0.0288,0.0175,0.0411,510,good
pm-2026Q2-v3,Sabah,SBH,terrace,3,2029Q2,0.0255,0.0893,0.1575,0.0377,0.0288,0.0175,0.0411,510,good
pm-2026Q2-v3,Selangor,SGR,terrace,1,2027Q2,-0.0008,0.0288,0.0591,0.1063,0.0285,0.017,0.0408,3699,good
pm-2026Q2-v3,Selangor,SGR,terrace,2,2028Q2,0.0106,0.0586,0.1086,0.0623,0.0285,0.017,0.0408,3699,good
pm-2026Q2-v3,Selangor,SGR,terrace,3,2029Q2,0.0248,0.0874,0.1573,0.0392,0.0285,0.017,0.0408,3699,good
pm-2026Q2-v3,Sarawak,SWK,terrace,1,2027Q2,0.0002,0.029,0.0591,0.0978,0.029,0.0174,0.0413,665,good
pm-2026Q2-v3,Sarawak,SWK,terrace,2,2028Q2,0.0127,0.0585,0.1088,0.054,0.029,0.0174,0.0413,665,good
pm-2026Q2-v3,Sarawak,SWK,terrace,3,2029Q2,0.0255,0.0898,0.1582,0.0375,0.029,0.0174,0.0413,665,good
pm-2026Q2-v3,Terengganu,TRG,terrace,1,2027Q2,-0.0003,0.0291,0.0597,0.103,0.0289,0.0173,0.0411,492,good
pm-2026Q2-v3,Terengganu,TRG,terrace,2,2028Q2,0.0115,0.0588,0.1086,0.0575,0.0289,0.0173,0.0411,492,good
pm-2026Q2-v3,Terengganu,TRG,terrace,3,2029Q2,0.0258,0.0893,0.1572,0.0398,0.0289,0.0173,0.0411,492,good
pm-2026Q2-v3,Johor,JHR,townhouse,1,2027Q2,-0.002,0.0386,0.0803,0.1077,0.0385,0.0223,0.0541,34,thin
pm-2026Q2-v3,Johor,JHR,townhouse,2,2028Q2,0.0134,0.078,0.144,0.0665,0.0385,0.0223,0.0541,34,thin
pm-2026Q2-v3,Johor,JHR,townhouse,3,2029Q2,0.0329,0.1211,0.2119,0.049,0.0385,0.0223,0.0541,34,thin
pm-2026Q2-v3,Kedah,KDH,townhouse,1,2027Q2,-0.0018,0.0381,0.0794,0.11,0.0385,0.022,0.0538,3,thin
pm-2026Q2-v3,Kedah,KDH,townhouse,2,2028Q2,0.0118,0.0787,0.1452,0.069,0.0385,0.022,0.0538,3,thin
pm-2026Q2-v3,Kedah,KDH,townhouse,3,2029Q2,0.0316,0.1215,0.2105,0.0507,0.0385,0.022,0.0538,3,thin
pm-2026Q2-v3,Kelantan,KTN,townhouse,1,2027Q2,-0.0009,0.0389,0.0796,0.1033,0.0384,0.0219,0.054,0,thin
pm-2026Q2-v3,Kelantan,KTN,townhouse,2,2028Q2,0.0125,0.0791,0.1437,0.0677,0.0384,0.0219,0.054,0,thin
pm-2026Q2-v3,Kelantan,KTN,townhouse,3,2029Q2,0.0331,0.1202,0.2101,0.0507,0.0384,0.0219,0.054,0,thin
pm-2026Q2-v3,W.P. Kuala Lumpur,KUL,townhouse,1,2027Q2,-0.0021,0.0387,0.0802,0.1118,0.0384,0.0221,0.0539,20,thin
pm-2026Q2-v3,W.P. Kuala Lumpur,KUL,townhouse,2,2028Q2,0.0131,0.0784,0.144,0.0665,0.0384,0.0221,0.0539,20,thin
pm-2026Q2-v3,W.P. Kuala Lumpur,KUL,townhouse,3,2029Q2,0.0315,0.1194,0.2102,0.0517,0.0384,0.0221,0.0539,20,thin
pm-2026Q2-v3,Melaka,MLK,townhouse,1,2027Q2,-0.0023,0.0385,0.0796,0.1122,0.0383,0.0221,0.054,39,thin
pm-2026Q2-v3,Melaka,MLK,townhouse,2,2028Q2,0.0134,0.0783,0.1436,0.0692,0.0383,0.0221,0.054,39,thin
pm-2026Q2-v3,Melaka,MLK,townhouse,3,2029Q2,0.0318,0.1205,0.2112,0.0508,0.0383,0.0221,0.054,39,thin
pm-2026Q2-v3,Negeri Sembilan,NSN,townhouse,1,2027Q2,-0.0023,0.0386,0.0796,0.1093,0.0382,0.022,0.0538,14,thin
pm-2026Q2-v3,Negeri Sembilan,NSN,townhouse,2,2028Q2,0.0123,0.0792,0.1434,0.0643,0.0382,0.022,0.0538,14,thin
pm-2026Q2-v3,Negeri Sembilan,NSN,townhouse,3,2029Q2,0.0305,0.1216,0.208,0.052,0.0382,0.022,0.0538,14,thin
pm-2026Q2-v3,Pahang,PHG,townhouse,1,2027Q2,-0.0017,0.0384,0.081,0.1088,0.0383,0.0221,0.0538,0,thin
pm-2026Q2-v3,Pahang,PHG,townhouse,2,2028Q2,0.012,0.078,0.1446,0.0707,0.0383,0.0221,0.0538,0,thin
pm-2026Q2-v3,Pahang,PHG,townhouse,3,2029Q2,0.0327,0.1208,0.2104,0.0522,0.0383,0.0221,0.0538,0,thin
pm-2026Q2-v3,W.P. Putrajaya,PJY,townhouse,1,2027Q2,-0.002,0.0386,0.0807,0.1073,0.0384,0.0221,0.0541,0,thin
pm-2026Q2-v3,W.P. Putrajaya,PJY,townhouse,2,2028Q2,0.013,0.0786,0.1441,0.0675,0.0384,0.0221,0.0541,0,thin
pm-2026Q2-v3,W.P. Putrajaya,PJY,townhouse,3,2029Q2,0.0332,0.1202,0.2103,0.048,0.0384,0.0221,0.0541,0,thin
pm-2026Q2-v3,Pulau Pinang,PNG,townhouse,1,2027Q2,-0.0026,0.039,0.0798,0.11,0.0383,0.0222,0.0539,19,thin
pm-2026Q2-v3,Pulau Pinang,PNG,townhouse,2,2028Q2,0.014,0.079,0.1439,0.0697,0.0383,0.0222,0.0539,19,thin
pm-2026Q2-v3,Pulau Pinang,PNG,townhouse,3,2029Q2,0.0306,0.1201,0.2115,0.0513,0.0383,0.0222,0.0539,19,thin
pm-2026Q2-v3,Perak,PRK,townhouse,1,2027Q2,-0.0017,0.0386,0.0802,0.1105,0.0384,0.0221,0.054,6,thin
pm-2026Q2-v3,Perak,PRK,townhouse,2,2028Q2,0.0132,0.079,0.1429,0.0712,0.0384,0.0221,0.054,6,thin
pm-2026Q2-v3,Perak,PRK,townhouse,3,2029Q2,0.0314,0.1202,0.2101,0.0502,0.0384,0.0221,0.054,6,thin
pm-2026Q2-v3,Sabah,SBH,townhouse,1,2027Q2,-0.0022,0.0384,0.0807,0.1118,0.0383,0.0221,0.054,0,thin
pm-2026Q2-v3,Sabah,SBH,townhouse,2,2028Q2,0.0133,0.0782,0.1442,0.0662,0.0383,0.0221,0.054,0,thin
pm-2026Q2-v3,Sabah,SBH,townhouse,3,2029Q2,0.0327,0.1197,0.2096,0.0497,0.0383,0.0221,0.054,0,thin
pm-2026Q2-v3,Selangor,SGR,townhouse,1,2027Q2,-0.002,0.0386,0.0802,0.1112,0.0383,0.022,0.054,99,fair
pm-2026Q2-v3,Selangor,SGR,townhouse,2,2028Q2,0.0144,0.0787,0.1429,0.0692,0.0383,0.022,0.054,99,fair
pm-2026Q2-v3,Selangor,SGR,townhouse,3,2029Q2,0.0328,0.1192,0.2112,0.0507,0.0383,0.022,0.054,99,fair
pm-2026Q2-v3,Sarawak,SWK,townhouse,1,2027Q2,-0.0021,0.0388,0.0796,0.1102,0.0385,0.0221,0.0539,12,thin
pm-2026Q2-v3,Sarawak,SWK,townhouse,2,2028Q2,0.0137,0.0791,0.1444,0.0692,0.0385,0.0221,0.0539,12,thin
pm-2026Q2-v3,Sarawak,SWK,townhouse,3,2029Q2,0.033,0.1199,0.2099,0.0527,0.0385,0.0221,0.0539,12,thin
pm-2026Q2-v3,Terengganu,TRG,townhouse,1,2027Q2,-0.0025,0.0385,0.0796,0.1102,0.0383,0.0222,0.0539,2,thin
pm-2026Q2-v3,Terengganu,TRG,townhouse,2,2028Q2,0.0129,0.0786,0.1439,0.0705,0.0383,0.0222,0.0539,2,thin
pm-2026Q2-v3,Terengganu,TRG,townhouse,3,2029Q2,0.0323,0.1204,0.2112,0.0518,0.0383,0.0222,0.0539,2,thin
