state,district
Johor,Batu Pahat
Johor,Johor Bahru
Johor,Kluang
Johor,Kota Tinggi
Johor,Kulai
Johor,Mersing
Johor,Muar
Johor,Pontian
Johor,Segamat
Johor,Tangkak
Kedah,Baling
Kedah,Bandar Baru
Kedah,Kota Setar
Kedah,Kuala Muda
Kedah,Kubang Pasu
Kedah,Kulim
Kedah,Langkawi
Kedah,Padang Terap
Kedah,Pendang
Kedah,Pokok Sena
Kedah,Sik
Kedah,Yan
Kelantan,Bachok
Kelantan,Gua Musang
Kelantan,Jeli
Kelantan,Kota Bahru
Kelantan,Kuala Krai
Kelantan,Machang
Kelantan,Pasir Mas
Kelantan,Pasir Puteh
Kelantan,Tanah Merah
Kelantan,Tumpat
Melaka,Alor Gajah
Melaka,Jasin
Melaka,Melaka Tengah
Negeri Sembilan,Jelebu
Negeri Sembilan,Jempol
Negeri Sembilan,Kuala Pilah
Negeri Sembilan,Port Dickson
Negeri Sembilan,Rembau
Negeri Sembilan,Seremban
Negeri Sembilan,Tampin
Pahang,Bentong
Pahang,Bera
Pahang,Cameron Highland
Pahang,Daerah Kecil Muadzam Shah
Pahang,Jerantut
Pahang,Kuantan
Pahang,Lipis
Pahang,Maran
Pahang,Pekan
Pahang,Raub
Pahang,Rompin
Pahang,Temerloh
Perak,Bagan Datuk
Perak,Batang Padang
Perak,Hilir Perak
Perak,Hulu Perak
Perak,Kampar
Perak,Kerian
Perak,Kinta
Perak,Kuala Kangsar
Perak,Larut Matang
Perak,Manjung
Perak,Muallim
Perak,Perak Tengah
Perak,Selama
Perlis,Perlis
Pulau Pinang,Barat Daya
Pulau Pinang,Seberang Perai Selatan
Pulau Pinang,Seberang Perai Tengah
Pulau Pinang,Seberang Perai Utara
Pulau Pinang,Timur Laut
Sabah,Beaufort
Sabah,Keningau
Sabah,Kota Belud
Sabah,Kota Kinabalu
Sabah,Kota Marudu
Sabah,Kudat
Sabah,Labuk Sugut
Sabah,Lahad Datu
Sabah,Papar
Sabah,Penampang
Sabah,Putatan
Sabah,Ranau
Sabah,Sandakan
Sabah,Semporna
Sabah,Sipitang
Sabah,Tawau
Sabah,Tenom
Sabah,Tuaran
Sarawak,Bahagian Betong
Sarawak,Bahagian Bintulu
Sarawak,Bahagian Kapit
Sarawak,Bahagian Kuching
Sarawak,Bahagian Limbang
Sarawak,Bahagian Miri
Sarawak,Bahagian Mukah
Sarawak,Bahagian Samarahan
Sarawak,Bahagian Sarikei
Sarawak,Bahagian Serian
Sarawak,Bahagian Sibu
Sarawak,Bahagian Sri Aman
Selangor,Gombak
Selangor,Hulu Langat
Selangor,Hulu Selangor
Selangor,Klang
Selangor,Kuala Langat
Selangor,Kuala Selangor
Selangor,Petaling
Selangor,Sabak Bernam
Selangor,Sepang
Terengganu,Besut
Terengganu,Dungun
Terengganu,Hulu Terengganu
Terengganu,Kemaman
Terengganu,Kuala Nerus
Terengganu,Kuala Terengganu
Terengganu,Marang
Terengganu,Setiu
W.P. Kuala Lumpur,Kuala Lumpur
W.P. Labuan,Labuan
W.P. Putrajaya,Putrajaya
